CO11,CO12,CO13,sido,sigungu
31,60,64,경기,광명시
31,150,73,경기,시흥시
31,70,51,경기,평택시
11,230,75,서울,강남구
11,80,82,서울,성북구
11,80,85,서울,성북구
11,230,67,서울,강남구
31,70,11,경기,평택시
31,70,62,경기,평택시
31,240,12,경기,화성시
31,180,63,경기,하남시
31,220,53,경기,안성시
11,110,77,서울,노원구
11,110,65,서울,노원구
11,20,68,서울,중구
31,14,66,경기,수원시영통구
11,240,71,서울,송파구
11,240,81,서울,송파구
11,240,77,서울,송파구
11,110,58,서울,노원구
31,14,60,경기,수원시영통구
11,100,59,서울,도봉구
23,40,52,인천,연수구
23,40,56,인천,연수구
31,60,60,경기,광명시
31,150,62,경기,시흥시
31,150,51,경기,시흥시
31,13,70,경기,수원시팔달구
31,21,54,경기,성남시수정구
11,230,76,서울,강남구
11,230,79,서울,강남구
31,21,58,경기,성남시수정구
11,20,71,서울,중구
31,120,51,경기,구리시
11,200,71,서울,동작구
31,240,70,경기,화성시
11,200,53,서울,동작구
23,50,51,인천,남동구
23,50,75,인천,남동구
31,240,60,경기,화성시
31,30,60,경기,의정부시
11,140,74,서울,마포구
31,12,62,경기,수원시권선구
31,12,54,경기,수원시권선구
23,80,74,인천,서구
23,80,80,인천,서구
11,140,78,서울,마포구
23,80,86,인천,서구
31,103,54,경기,고양시일산동구
31,101,65,경기,고양시덕양구
11,130,62,서울,서대문구
11,120,59,서울,은평구
23,50,72,인천,남동구
11,150,71,서울,양천구
31,42,60,경기,안양시동안구
23,80,51,인천,서구
23,80,58,인천,서구
11,120,72,서울,은평구
11,120,67,서울,은평구
31,130,13,경기,남양주시
31,380,41,경기,양평군
31,380,11,경기,양평군
11,170,55,서울,구로구
11,200,63,서울,동작구
11,210,81,서울,관악구
11,70,71,서울,중랑구
11,140,73,서울,마포구
31,30,55,경기,의정부시
31,13,54,경기,수원시팔달구
31,11,62,경기,수원시장안구
11,170,62,서울,구로구
31,30,65,경기,의정부시
31,200,54,경기,파주시
31,41,57,경기,안양시만안구
31,160,57,경기,군포시
11,140,59,서울,마포구
31,42,56,경기,안양시동안구
31,160,52,경기,군포시
11,190,61,서울,영등포구
11,190,54,서울,영등포구
31,41,60,경기,안양시만안구
11,250,65,서울,강동구
11,250,52,서울,강동구
11,210,66,서울,관악구
11,170,51,서울,구로구
11,180,54,서울,금천구
11,250,59,서울,강동구
31,210,31,경기,이천시
11,190,73,서울,영등포구
11,170,70,서울,구로구
11,170,74,서울,구로구
11,210,73,서울,관악구
11,140,66,서울,마포구
31,230,13,경기,김포시
31,23,67,경기,성남시분당구
31,101,53,경기,고양시덕양구
11,80,63,서울,성북구
11,60,84,서울,동대문구
11,60,86,서울,동대문구
31,23,63,경기,성남시분당구
31,210,51,경기,이천시
11,80,71,서울,성북구
31,92,70,경기,안산시단원구
31,91,71,경기,안산시상록구
23,50,53,인천,남동구
11,240,59,서울,송파구
11,240,66,서울,송파구
31,50,87,경기,부천시
31,170,54,경기,의왕시
31,50,90,경기,부천시
11,90,73,서울,강북구
23,20,55,인천,동구
11,40,54,서울,성동구
11,40,71,서울,성동구
11,150,65,서울,양천구
31,92,78,경기,안산시단원구
11,210,52,서울,관악구
23,90,62,인천,시군구 조사코드 90
23,90,52,인천,시군구 조사코드 90
31,250,53,경기,광주시
31,270,40,경기,포천시
31,270,31,경기,포천시
11,90,71,서울,강북구
31,250,12,경기,광주시
11,220,62,서울,서초구
11,220,55,서울,서초구
31,91,55,경기,안산시상록구
31,92,59,경기,안산시단원구
31,280,51,경기,여주시
11,40,67,서울,성동구
31,240,64,경기,화성시
11,150,59,서울,양천구
31,192,65,경기,용인시기흥구
31,193,57,경기,용인시수지구
11,50,63,서울,광진구
11,50,65,서울,광진구
11,230,53,서울,강남구
31,23,51,경기,성남시분당구
31,22,57,경기,성남시중원구
23,90,65,인천,시군구 조사코드 90
31,200,31,경기,파주시
11,160,67,서울,강서구
31,101,60,경기,고양시덕양구
31,200,12,경기,파주시
11,160,70,서울,강서구
11,70,52,서울,중랑구
11,50,58,서울,광진구
11,130,52,서울,서대문구
11,130,72,서울,서대문구
11,100,53,서울,도봉구
23,90,74,인천,시군구 조사코드 90
31,193,52,경기,용인시수지구
31,191,51,경기,용인시처인구
23,40,66,인천,연수구
23,40,64,인천,연수구
31,70,52,경기,평택시
31,240,15,경기,화성시
11,250,73,서울,강동구
31,130,58,경기,남양주시
23,60,69,인천,부평구
31,50,92,경기,부천시
11,190,69,서울,영등포구
11,250,74,서울,강동구
23,70,55,인천,계양구
23,60,63,인천,부평구
31,130,31,경기,남양주시
23,70,57,인천,계양구
31,191,52,경기,용인시처인구
31,192,56,경기,용인시기흥구
31,50,94,경기,부천시
31,140,52,경기,오산시
31,140,54,경기,오산시
11,240,57,서울,송파구
11,240,63,서울,송파구
11,70,60,서울,중랑구
31,180,55,경기,하남시
31,180,61,경기,하남시
11,10,68,서울,종로구
11,130,70,서울,서대문구
11,30,63,서울,용산구
11,30,71,서울,용산구
31,230,56,경기,김포시
11,110,52,서울,노원구
31,230,61,경기,김포시
11,160,54,서울,강서구
11,160,55,서울,강서구
31,130,12,경기,남양주시
11,120,55,서울,은평구
11,120,52,서울,은평구
23,310,35,인천,강화군
23,60,56,인천,부평구
23,60,57,인천,부평구
23,60,52,인천,부평구
31,230,36,경기,김포시
11,70,69,서울,중랑구
31,260,55,경기,양주시
31,260,34,경기,양주시
31,260,53,경기,양주시
31,200,57,경기,파주시
31,200,58,경기,파주시
31,101,59,경기,고양시덕양구
21,150,61,부산,사상구
21,100,55,부산,사하구
21,140,60,부산,수영구
21,130,60,부산,연제구
21,70,56,부산,남구
38,70,52,경남,김해시
38,112,54,경남,창원시성산구
38,60,32,경남,사천시
38,30,67,경남,진주시
21,110,67,부산,금정구
21,100,57,부산,사하구
26,20,61,울산,남구
38,100,12,경남,양산시
21,130,63,부산,연제구
21,20,61,부산,서구
38,113,66,경남,창원시마산합포구
38,390,11,경남,거창군
21,80,55,부산,북구
21,130,51,부산,연제구
26,310,14,울산,울주군
38,60,53,경남,사천시
38,100,56,경남,양산시
21,310,11,부산,기장군
21,40,65,부산,영도구
26,10,52,울산,중구
21,80,63,부산,북구
26,10,61,울산,중구
38,320,35,경남,함안군
26,10,53,울산,중구
38,111,53,경남,창원시의창구
38,112,56,경남,창원시성산구
38,30,35,경남,진주시
26,40,52,울산,북구
21,90,74,부산,해운대구
38,111,31,경남,창원시의창구
26,40,57,울산,북구
26,20,51,울산,남구
21,50,68,부산,부산진구
21,50,80,부산,부산진구
21,50,64,부산,부산진구
26,40,51,울산,북구
38,70,61,경남,김해시
38,111,52,경남,창원시의창구
21,90,69,부산,해운대구
21,70,57,부산,남구
26,30,58,울산,동구
21,90,64,부산,해운대구
26,20,62,울산,남구
26,310,13,울산,울주군
21,80,52,부산,북구
38,100,31,경남,양산시
38,70,63,경남,김해시
21,60,64,부산,동래구
21,40,55,부산,영도구
21,120,56,부산,강서구
21,10,60,부산,중구
38,114,57,경남,창원시마산회원구
38,70,55,경남,김해시
21,60,57,부산,동래구
26,20,59,울산,남구
38,90,58,경남,거제시
26,20,56,울산,남구
38,30,70,경남,진주시
38,115,61,경남,창원시진해구
38,90,39,경남,거제시
38,30,77,경남,진주시
38,113,68,경남,창원시마산합포구
21,110,73,부산,금정구
38,115,55,경남,창원시진해구
38,350,34,경남,남해군
37,90,11,경북,문경시
37,50,59,경북,구미시
37,60,60,경북,영주시
22,20,77,대구,동구
37,50,70,경북,구미시
22,20,52,대구,동구
22,60,72,대구,수성구
22,70,62,대구,달서구
22,70,66,대구,달서구
22,70,72,대구,달서구
37,12,65,경북,포항시북구
22,70,64,대구,달서구
22,50,74,대구,북구
22,50,57,대구,북구
37,390,32,경북,칠곡군
22,50,78,대구,북구
22,50,83,대구,북구
37,420,33,경북,울진군
37,380,11,경북,성주군
22,70,56,대구,달서구
22,310,15,대구,달성군
37,12,63,경북,포항시북구
22,60,71,대구,수성구
22,310,11,대구,달성군
37,12,11,경북,포항시북구
37,11,13,경북,포항시남구
37,390,13,경북,칠곡군
22,70,69,대구,달서구
37,100,52,경북,경산시
22,20,68,대구,동구
37,100,31,경북,경산시
37,100,57,경북,경산시
37,40,60,경북,안동시
37,11,55,경북,포항시남구
37,100,56,경북,경산시
22,60,53,대구,수성구
37,70,54,경북,영천시
37,20,55,경북,경주시
22,30,56,대구,서구
22,60,64,대구,수성구
37,20,12,경북,경주시
37,50,12,경북,구미시
37,50,35,경북,구미시
37,30,58,경북,김천시
37,30,31,경북,김천시
37,40,34,경북,안동시
37,60,62,경북,영주시
22,40,56,대구,남구
22,40,51,대구,남구
24,40,68,광주,북구
24,40,73,광주,북구
24,20,58,광주,서구
24,50,73,광주,광산구
24,20,54,광주,서구
24,50,66,광주,광산구
24,40,57,광주,북구
24,30,69,광주,남구
35,350,11,전북,임실군
35,40,41,전북,정읍시
36,440,37,전남,영광군
36,20,70,전남,여수시
36,10,57,전남,목포시
35,11,65,전북,전주시완산구
24,30,51,광주,남구
35,310,35,전북,완주군
35,30,40,전북,익산시
35,360,11,전북,순창군
35,20,74,전북,군산시
36,60,53,전남,광양시
36,30,37,전남,순천시
24,10,71,광주,동구
24,50,56,광주,광산구
24,50,60,광주,광산구
24,30,66,광주,남구
24,40,78,광주,북구
24,50,75,광주,광산구
35,20,69,전북,군산시
35,20,35,전북,군산시
35,12,65,전북,전주시덕진구
35,11,76,전북,전주시완산구
35,11,78,전북,전주시완산구
36,410,12,전남,영암군
36,10,72,전남,목포시
36,20,60,전남,여수시
24,30,57,광주,남구
24,20,64,광주,서구
35,12,55,전북,전주시덕진구
35,30,61,전북,익산시
36,20,31,전남,여수시
36,60,36,전남,광양시
36,420,13,전남,무안군
36,20,66,전남,여수시
36,400,11,전남,해남군
36,350,35,전남,고흥군
36,320,11,전남,곡성군
36,370,34,전남,화순군
36,40,61,전남,나주시
36,30,58,전남,순천시
36,30,67,전남,순천시
36,30,57,전남,순천시
35,50,43,전북,남원시
24,40,61,광주,북구
35,370,39,전북,고창군
35,50,57,전북,남원시
36,460,34,전남,완도군
24,50,70,광주,광산구
35,12,71,전북,전주시덕진구
35,12,59,전북,전주시덕진구
25,50,59,대전,대덕구
25,50,62,대전,대덕구
25,10,77,대전,동구
25,10,55,대전,동구
25,10,78,대전,동구
25,30,70,대전,서구
25,30,73,대전,서구
25,30,64,대전,서구
25,30,51,대전,서구
25,30,56,대전,서구
25,30,60,대전,서구
25,40,65,대전,유성구
25,40,67,대전,유성구
25,40,57,대전,유성구
25,40,63,대전,유성구
25,20,66,대전,중구
25,20,65,대전,중구
29,10,64,세종,세종시
29,10,65,세종,세종시
29,10,67,세종,세종시
33,41,54,충북,청주시상당구
29,10,60,세종,세종시
29,10,11,세종,세종시
29,10,53,세종,세종시
29,10,68,세종,세종시
34,20,55,충남,공주시
34,310,11,충남,금산군
34,60,40,충남,논산시
34,80,12,충남,당진시
34,80,34,충남,당진시
34,30,54,충남,보령시
34,30,51,충남,보령시
34,330,42,충남,부여군
34,50,11,충남,서산시
34,50,34,충남,서산시
34,50,54,충남,서산시
34,340,12,충남,서천군
34,40,12,충남,아산시
34,40,53,충남,아산시
34,370,12,충남,예산군
34,12,54,충남,천안시서북구
34,12,59,충남,천안시서북구
34,11,59,충남,천안시동남구
34,12,11,충남,천안시서북구
34,11,54,충남,천안시동남구
34,11,57,충남,천안시동남구
34,350,38,충남,청양군
34,380,11,충남,태안군
33,320,40,충북,보은군
33,340,34,충북,영동군
33,370,33,충북,음성군
33,30,56,충북,제천시
33,30,72,충북,제천시
33,390,14,충북,증평군
33,350,36,충북,진천군
29,10,59,세종,세종시
33,41,58,충북,청주시상당구
33,43,51,충북,청주시흥덕구
33,43,53,충북,청주시흥덕구
33,43,54,충북,청주시흥덕구
33,44,12,충북,청주시청원구
33,44,52,충북,청주시청원구
33,42,54,충북,청주시서원구
33,42,58,충북,청주시서원구
33,42,59,충북,청주시서원구
33,20,53,충북,충주시
33,20,57,충북,충주시
32,390,32,강원,인제군
32,340,11,강원,평창군
32,360,13,강원,철원군
32,320,11,강원,횡성군
32,310,11,강원,홍천군
32,10,31,강원,춘천시
32,10,68,강원,춘천시
32,10,66,강원,춘천시
32,50,62,강원,태백시
32,70,53,강원,삼척시
32,10,62,강원,춘천시
32,20,33,강원,원주시
32,30,54,강원,강릉시
32,20,56,강원,원주시
32,20,63,강원,원주시
32,20,68,강원,원주시
32,30,61,강원,강릉시
32,40,51,강원,동해시
39,10,13,제주,제주시
39,10,67,제주,제주시
39,10,61,제주,제주시
39,10,12,제주,제주시
39,10,63,제주,제주시
39,10,66,제주,제주시
39,10,54,제주,제주시
39,20,51,제주,서귀포시
39,20,58,제주,서귀포시
39,20,12,제주,서귀포시
39,10,58,제주,제주시
39,20,59,제주,서귀포시
31,104,54,경기,고양시일산서구
11,150,52,서울,양천구
