전국순위,기초,sido,인구,자연휴양림_개소,자연휴양림_수용인원,국립휴양림_개소,국립휴양림_연이용자,치유의숲_개소,치유의숲_면적ha,유아숲체험원_개소,수목원_개소,산림교육센터_개소,휴양림수용_10만명당,치유의숲ha_10만명당,유아숲_10만명당,수목원_10만명당,산림교육센터_10만명당,국립휴양림이용_천명당,접근성_상대_0to100,종합공급점수,시도_미충족잠재수요율,z_수요격차,z_공급부족,우선확충지수,우선확충지수_0100,등급,유형
1,대구 서구,대구,163135.0,0.0,0.0,0.0,0.0,0.0,0.0,0,0,0,0.0,0.0,0.0,0.0,0.0,0.0,80.3,-0.674,78.19,1.687,1.108,2.289,100.0,1순위(우선확충),A. 공급취약·수요高 → 신규확충
1,대구 동구,대구,342339.0,0.0,0.0,0.0,0.0,0.0,0.0,0,0,0,0.0,0.0,0.0,0.0,0.0,0.0,75.8,-0.674,78.19,1.687,1.108,2.289,100.0,1순위(우선확충),A. 공급취약·수요高 → 신규확충
1,대구 중구,대구,97711.0,0.0,0.0,0.0,0.0,0.0,0.0,0,0,0,0.0,0.0,0.0,0.0,0.0,0.0,84.2,-0.674,78.19,1.687,1.108,2.289,100.0,1순위(우선확충),A. 공급취약·수요高 → 신규확충
4,대구 북구,대구,413010.0,0.0,0.0,0.0,0.0,0.0,0.0,1,0,0,0.0,0.0,0.242,0.0,0.0,0.0,79.2,-0.604,78.19,1.687,0.993,2.174,98.3,1순위(우선확충),A. 공급취약·수요高 → 신규확충
5,대구 수성구,대구,409107.0,0.0,0.0,0.0,0.0,0.0,0.0,2,0,0,0.0,0.0,0.489,0.0,0.0,0.0,78.4,-0.545,78.19,1.687,0.897,2.078,96.9,1순위(우선확충),A. 공급취약·수요高 → 신규확충
6,대구 남구,대구,136263.0,0.0,0.0,0.0,0.0,0.0,0.0,1,0,0,0.0,0.0,0.734,0.0,0.0,0.0,83.8,-0.496,78.19,1.687,0.816,1.997,95.7,1순위(우선확충),A. 공급취약·수요高 → 신규확충
7,경북 울릉군,경북,9099.0,0.0,0.0,0.0,0.0,0.0,0.0,0,0,0,0.0,0.0,0.0,0.0,0.0,0.0,0.0,-0.674,69.679,1.185,1.108,1.938,94.8,1순위(우선확충),A. 공급취약·수요高 → 신규확충
7,경북 영덕군,경북,33210.0,0.0,0.0,1.0,79267.0,0.0,0.0,0,0,0,0.0,0.0,0.0,0.0,0.0,2386.841,45.0,-0.674,69.679,1.185,1.108,1.938,94.8,1순위(우선확충),A. 공급취약·수요高 → 신규확충
9,대구 달서구,대구,522021.0,0.0,0.0,0.0,0.0,0.0,0.0,4,1,0,0.0,0.0,0.766,0.192,0.0,0.0,86.3,-0.372,78.19,1.687,0.613,1.794,92.7,1순위(우선확충),A. 공급취약·수요高 → 신규확충
10,강원 속초시,강원,80933.0,0.0,0.0,0.0,0.0,0.0,0.0,0,0,0,0.0,0.0,0.0,0.0,0.0,0.0,53.6,-0.674,64.119,0.857,1.108,1.708,91.4,1순위(우선확충),A. 공급취약·수요高 → 신규확충
11,대구 군위군,대구,22463.0,1.0,200.0,0.0,0.0,0.0,0.0,0,0,0,890.353,0.0,0.0,0.0,0.0,0.0,60.6,-0.261,78.19,1.687,0.429,1.61,90.0,1순위(우선확충),A. 공급취약·수요高 → 신규확충
11,인천 옹진군,인천,19996.0,0.0,0.0,0.0,0.0,0.0,0.0,0,0,0,0.0,0.0,0.0,0.0,0.0,0.0,66.2,-0.674,61.726,0.716,1.108,1.609,90.0,1순위(우선확충),A. 공급취약·수요高 → 신규확충
13,인천 미추홀구,인천,412274.0,0.0,0.0,0.0,0.0,0.0,0.0,1,0,0,0.0,0.0,0.243,0.0,0.0,0.0,65.8,-0.604,61.726,0.716,0.993,1.494,88.3,1순위(우선확충),A. 공급취약·수요高 → 신규확충
14,경기 구리시,경기,186882.0,0.0,0.0,0.0,0.0,0.0,0.0,0,0,0,0.0,0.0,0.0,0.0,0.0,0.0,58.2,-0.674,58.621,0.532,1.108,1.481,88.1,1순위(우선확충),A. 공급취약·수요高 → 신규확충
15,서울 중구,서울,120544.0,0.0,0.0,0.0,0.0,0.0,0.0,0,0,0,0.0,0.0,0.0,0.0,0.0,0.0,64.0,-0.674,58.477,0.524,1.108,1.475,88.0,1순위(우선확충),A. 공급취약·수요高 → 신규확충
16,인천 서구,인천,634064.0,0.0,0.0,0.0,0.0,0.0,0.0,2,0,0,0.0,0.0,0.315,0.0,0.0,0.0,76.6,-0.585,61.726,0.716,0.963,1.464,87.8,1순위(우선확충),A. 공급취약·수요高 → 신규확충
17,인천 계양구,인천,280227.0,0.0,0.0,0.0,0.0,0.0,0.0,1,0,0,0.0,0.0,0.357,0.0,0.0,0.0,66.9,-0.575,61.726,0.716,0.946,1.447,87.6,1순위(우선확충),A. 공급취약·수요高 → 신규확충
18,인천 부평구,인천,493200.0,0.0,0.0,0.0,0.0,0.0,0.0,2,0,0,0.0,0.0,0.406,0.0,0.0,0.0,72.3,-0.564,61.726,0.716,0.928,1.429,87.3,1순위(우선확충),A. 공급취약·수요高 → 신규확충
19,경기 안산시,경기,620579.0,0.0,0.0,0.0,0.0,0.0,0.0,1,0,0,0.0,0.0,0.161,0.0,0.0,0.0,64.366,-0.626,58.621,0.532,1.029,1.402,86.9,1순위(우선확충),A. 공급취약·수요高 → 신규확충
20,경북 성주군,경북,41452.0,1.0,96.0,0.0,0.0,0.0,0.0,0,0,0,231.593,0.0,0.0,0.0,0.0,0.0,65.0,-0.342,69.679,1.185,0.563,1.393,86.8,1순위(우선확충),A. 공급취약·수요高 → 신규확충
21,경북 상주시,경북,91850.0,1.0,229.0,0.0,0.0,0.0,0.0,0,0,0,249.32,0.0,0.0,0.0,0.0,0.0,79.0,-0.338,69.679,1.185,0.556,1.386,86.7,1순위(우선확충),A. 공급취약·수요高 → 신규확충
22,경북 고령군,경북,30062.0,1.0,112.0,0.0,0.0,0.0,0.0,0,0,0,372.563,0.0,0.0,0.0,0.0,0.0,64.1,-0.314,69.679,1.185,0.516,1.345,86.1,1순위(우선확충),A. 공급취약·수요高 → 신규확충
22,서울 영등포구,서울,373773.0,0.0,0.0,0.0,0.0,0.0,0.0,1,0,0,0.0,0.0,0.268,0.0,0.0,0.0,72.9,-0.597,58.477,0.524,0.983,1.349,86.1,1순위(우선확충),A. 공급취약·수요高 → 신규확충
24,경기 하남시,경기,329120.0,0.0,0.0,0.0,0.0,0.0,0.0,1,0,0,0.0,0.0,0.304,0.0,0.0,0.0,68.4,-0.588,58.621,0.532,0.968,1.34,86.0,1순위(우선확충),A. 공급취약·수요高 → 신규확충
25,서울 송파구,서울,650110.0,0.0,0.0,0.0,0.0,0.0,0.0,2,0,0,0.0,0.0,0.308,0.0,0.0,0.0,67.1,-0.587,58.477,0.524,0.966,1.333,85.9,1순위(우선확충),A. 공급취약·수요高 → 신규확충
26,서울 강남구,서울,557345.0,0.0,0.0,0.0,0.0,0.0,0.0,2,0,0,0.0,0.0,0.359,0.0,0.0,0.0,72.1,-0.575,58.477,0.524,0.946,1.312,85.6,1순위(우선확충),A. 공급취약·수요高 → 신규확충
27,경기 군포시,경기,255931.0,0.0,0.0,0.0,0.0,0.0,0.0,1,0,0,0.0,0.0,0.391,0.0,0.0,0.0,67.1,-0.567,58.621,0.532,0.933,1.306,85.5,1순위(우선확충),A. 공급취약·수요高 → 신규확충
28,서울 강동구,서울,476942.0,0.0,0.0,0.0,0.0,0.0,0.0,2,0,0,0.0,0.0,0.419,0.0,0.0,0.0,66.6,-0.561,58.477,0.524,0.922,1.289,85.3,1순위(우선확충),A. 공급취약·수요高 → 신규확충
29,서울 은평구,서울,460919.0,0.0,0.0,0.0,0.0,0.0,0.0,2,0,0,0.0,0.0,0.434,0.0,0.0,0.0,76.0,-0.557,58.477,0.524,0.917,1.284,85.2,1순위(우선확충),A. 공급취약·수요高 → 신규확충
30,경기 고양시,경기,1070120.0,0.0,0.0,0.0,0.0,0.0,0.0,5,0,0,0.0,0.0,0.467,0.0,0.0,0.0,63.222,-0.55,58.621,0.532,0.905,1.278,85.1,1순위(우선확충),A. 공급취약·수요高 → 신규확충
31,서울 성북구,서울,421560.0,0.0,0.0,0.0,0.0,0.0,0.0,2,0,0,0.0,0.0,0.474,0.0,0.0,0.0,63.1,-0.548,58.477,0.524,0.902,1.269,85.0,1순위(우선확충),A. 공급취약·수요高 → 신규확충
32,경기 평택시,경기,598556.0,0.0,0.0,0.0,0.0,0.0,0.0,3,0,0,0.0,0.0,0.501,0.0,0.0,0.0,80.4,-0.543,58.621,0.532,0.893,1.265,84.9,1순위(우선확충),A. 공급취약·수요高 → 신규확충
32,경북 경주시,경북,244769.0,1.0,330.0,0.0,0.0,0.0,0.0,1,0,0,134.821,0.0,0.409,0.0,0.0,0.0,66.1,-0.265,69.679,1.185,0.435,1.265,84.9,1순위(우선확충),A. 공급취약·수요高 → 신규확충
34,인천 연수구,인천,400213.0,0.0,0.0,0.0,0.0,0.0,0.0,4,0,0,0.0,0.0,0.999,0.0,0.0,0.0,63.0,-0.45,61.726,0.716,0.74,1.241,84.6,1순위(우선확충),A. 공급취약·수요高 → 신규확충
34,서울 강서구,서울,556171.0,0.0,0.0,0.0,0.0,0.0,0.0,3,0,0,0.0,0.0,0.539,0.0,0.0,0.0,70.0,-0.535,58.477,0.524,0.879,1.246,84.6,1순위(우선확충),A. 공급취약·수요高 → 신규확충
36,경기 수원시,경기,1193005.0,0.0,0.0,0.0,0.0,0.0,0.0,7,0,0,0.0,0.0,0.587,0.0,0.0,0.0,72.618,-0.525,58.621,0.532,0.863,1.236,84.5,1순위(우선확충),A. 공급취약·수요高 → 신규확충
37,서울 광진구,서울,331963.0,0.0,0.0,0.0,0.0,0.0,0.0,2,0,0,0.0,0.0,0.602,0.0,0.0,0.0,75.0,-0.522,58.477,0.524,0.858,1.225,84.3,1순위(우선확충),A. 공급취약·수요高 → 신규확충
38,경기 의정부시,경기,461271.0,0.0,0.0,0.0,0.0,0.0,0.0,3,0,0,0.0,0.0,0.65,0.0,0.0,0.0,53.3,-0.512,58.621,0.532,0.842,1.215,84.2,1순위(우선확충),A. 공급취약·수요高 → 신규확충
38,경기 성남시,경기,913009.0,0.0,0.0,0.0,0.0,0.0,0.0,3,1,0,0.0,0.0,0.329,0.11,0.0,0.0,62.406,-0.512,58.621,0.532,0.843,1.216,84.2,1순위(우선확충),A. 공급취약·수요高 → 신규확충
40,서울 서대문구,서울,302853.0,0.0,0.0,0.0,0.0,0.0,0.0,2,0,0,0.0,0.0,0.66,0.0,0.0,0.0,79.9,-0.51,58.477,0.524,0.839,1.206,84.0,1순위(우선확충),A. 공급취약·수요高 → 신규확충
41,서울 종로구,서울,138336.0,0.0,0.0,0.0,0.0,0.0,0.0,1,0,0,0.0,0.0,0.723,0.0,0.0,0.0,69.6,-0.498,58.477,0.524,0.819,1.186,83.7,1순위(우선확충),A. 공급취약·수요高 → 신규확충
42,경기 부천시,경기,769918.0,0.0,0.0,0.0,0.0,0.0,0.0,3,1,0,0.0,0.0,0.39,0.13,0.0,0.0,40.5,-0.486,58.621,0.532,0.799,1.172,83.5,1순위(우선확충),A. 공급취약·수요高 → 신규확충
43,서울 동작구,서울,375799.0,0.0,0.0,0.0,0.0,0.0,0.0,3,0,0,0.0,0.0,0.798,0.0,0.0,0.0,68.4,-0.484,58.477,0.524,0.797,1.163,83.4,1순위(우선확충),A. 공급취약·수요高 → 신규확충
43,서울 중랑구,서울,379274.0,0.0,0.0,0.0,0.0,0.0,0.0,3,0,0,0.0,0.0,0.791,0.0,0.0,0.0,70.2,-0.486,58.477,0.524,0.799,1.166,83.4,1순위(우선확충),A. 공급취약·수요高 → 신규확충
45,서울 마포구,서울,361417.0,0.0,0.0,0.0,0.0,0.0,0.0,3,0,0,0.0,0.0,0.83,0.0,0.0,0.0,75.0,-0.479,58.477,0.524,0.787,1.154,83.3,1순위(우선확충),A. 공급취약·수요高 → 신규확충
46,서울 동대문구,서울,338735.0,0.0,0.0,0.0,0.0,0.0,0.0,3,0,0,0.0,0.0,0.886,0.0,0.0,0.0,75.5,-0.469,58.477,0.524,0.771,1.138,83.0,1순위(우선확충),A. 공급취약·수요高 → 신규확충
46,서울 금천구,서울,225159.0,0.0,0.0,0.0,0.0,0.0,0.0,2,0,0,0.0,0.0,0.888,0.0,0.0,0.0,63.7,-0.469,58.477,0.524,0.771,1.138,83.0,1순위(우선확충),A. 공급취약·수요高 → 신규확충
46,경기 안양시,경기,556492.0,0.0,0.0,0.0,0.0,0.0,0.0,2,1,0,0.0,0.0,0.359,0.18,0.0,0.0,59.28,-0.464,58.621,0.532,0.763,1.136,83.0,1순위(우선확충),A. 공급취약·수요高 → 신규확충
49,강원 원주시,강원,362164.0,1.0,120.0,1.0,97443.0,0.0,0.0,2,0,0,33.134,0.0,0.552,0.0,0.0,269.058,85.0,-0.317,64.119,0.857,0.522,1.122,82.8,1순위(우선확충),A. 공급취약·수요高 → 신규확충
50,경기 파주시,경기,511308.0,0.0,0.0,0.0,0.0,0.0,0.0,5,0,0,0.0,0.0,0.978,0.0,0.0,0.0,63.9,-0.454,58.621,0.532,0.746,1.119,82.7,1순위(우선확충),A. 공급취약·수요高 → 신규확충
50,서울 서초구,서울,408376.0,0.0,0.0,0.0,0.0,0.0,0.0,4,0,0,0.0,0.0,0.979,0.0,0.0,0.0,67.9,-0.453,58.477,0.524,0.746,1.112,82.7,1순위(우선확충),A. 공급취약·수요高 → 신규확충
52,서울 구로구,서울,388169.0,0.0,0.0,0.0,0.0,0.0,0.0,4,0,0,0.0,0.0,1.03,0.0,0.0,0.0,73.4,-0.445,58.477,0.524,0.732,1.099,82.5,1순위(우선확충),A. 공급취약·수요高 → 신규확충
53,인천 동구,인천,58296.0,0.0,0.0,0.0,0.0,0.0,0.0,1,0,0,0.0,0.0,1.715,0.0,0.0,0.0,74.1,-0.351,61.726,0.716,0.578,1.079,82.2,1순위(우선확충),A. 공급취약·수요高 → 신규확충
53,경기 화성시,경기,968821.0,0.0,0.0,0.0,0.0,0.0,0.0,7,1,0,0.0,0.0,0.723,0.103,0.0,0.0,71.4,-0.432,58.621,0.532,0.711,1.084,82.2,1순위(우선확충),A. 공급취약·수요高 → 신규확충
55,강원 동해시,강원,87675.0,0.0,0.0,0.0,0.0,0.0,0.0,2,0,0,0.0,0.0,2.281,0.0,0.0,0.0,50.8,-0.29,64.119,0.857,0.477,1.077,82.1,1순위(우선확충),A. 공급취약·수요高 → 신규확충
56,인천 중구,인천,167113.0,0.0,0.0,0.0,0.0,0.0,0.0,3,0,0,0.0,0.0,1.795,0.0,0.0,0.0,77.0,-0.342,61.726,0.716,0.562,1.063,81.9,1순위(우선확충),A. 공급취약·수요高 → 신규확충
57,서울 노원구,서울,491247.0,0.0,0.0,0.0,0.0,0.0,0.0,6,0,0,0.0,0.0,1.221,0.0,0.0,0.0,69.1,-0.416,58.477,0.524,0.684,1.051,81.7,1순위(우선확충),A. 공급취약·수요高 → 신규확충
58,서울 도봉구,서울,303228.0,0.0,0.0,0.0,0.0,0.0,0.0,4,0,0,0.0,0.0,1.319,0.0,0.0,0.0,69.0,-0.402,58.477,0.524,0.662,1.028,81.4,1순위(우선확충),A. 공급취약·수요高 → 신규확충
59,서울 양천구,서울,430976.0,0.0,0.0,0.0,0.0,0.0,0.0,6,0,0,0.0,0.0,1.392,0.0,0.0,0.0,66.7,-0.392,58.477,0.524,0.645,1.012,81.2,1순위(우선확충),A. 공급취약·수요高 → 신규확충
59,경기 안성시,경기,193949.0,1.0,210.0,0.0,0.0,0.0,0.0,0,0,0,108.276,0.0,0.0,0.0,0.0,0.0,86.0,-0.388,58.621,0.532,0.639,1.012,81.2,1순위(우선확충),A. 공급취약·수요高 → 신규확충
59,경기 광주시,경기,397605.0,0.0,0.0,0.0,0.0,0.0,0.0,2,1,0,0.0,0.0,0.503,0.252,0.0,0.0,43.3,-0.392,58.621,0.532,0.644,1.017,81.2,1순위(우선확충),A. 공급취약·수요高 → 신규확충
62,서울 성동구,서울,273669.0,0.0,0.0,0.0,0.0,0.0,0.0,4,0,0,0.0,0.0,1.462,0.0,0.0,0.0,81.3,-0.383,58.477,0.524,0.63,0.997,80.9,1순위(우선확충),A. 공급취약·수요高 → 신규확충
62,서울 용산구,서울,203854.0,0.0,0.0,0.0,0.0,0.0,0.0,3,0,0,0.0,0.0,1.472,0.0,0.0,0.0,62.8,-0.382,58.477,0.524,0.628,0.994,80.9,1순위(우선확충),A. 공급취약·수요高 → 신규확충
62,서울 관악구,서울,477812.0,0.0,0.0,0.0,0.0,0.0,0.0,7,0,0,0.0,0.0,1.465,0.0,0.0,0.0,67.5,-0.382,58.477,0.524,0.629,0.996,80.9,1순위(우선확충),A. 공급취약·수요高 → 신규확충
65,경북 경산시,경북,266398.0,0.0,0.0,0.0,0.0,1.0,90.0,3,0,0,0.0,33.784,1.126,0.0,0.0,0.0,66.2,-0.075,69.679,1.185,0.124,0.953,80.3,1순위(우선확충),C. 공급보유·수요高 → 접근성/연계
66,경북 영천시,경북,98143.0,2.0,498.0,0.0,0.0,0.0,0.0,1,0,0,507.423,0.0,1.019,0.0,0.0,0.0,63.5,-0.068,69.679,1.185,0.112,0.941,80.1,1순위(우선확충),C. 공급보유·수요高 → 접근성/연계
67,서울 강북구,서울,283597.0,0.0,0.0,0.0,0.0,0.0,0.0,5,0,0,0.0,0.0,1.763,0.0,0.0,0.0,62.9,-0.346,58.477,0.524,0.568,0.935,80.0,1순위(우선확충),A. 공급취약·수요高 → 신규확충
68,충남 서산시,충남,174445.0,0.0,0.0,1.0,68935.0,0.0,0.0,3,0,0,0.0,0.0,1.72,0.0,0.0,395.168,81.9,-0.351,57.382,0.459,0.577,0.898,79.5,1순위(우선확충),A. 공급취약·수요高 → 신규확충
69,경북 구미시,경북,404820.0,1.0,1900.0,0.0,0.0,0.0,0.0,5,0,0,469.344,0.0,1.235,0.0,0.0,0.0,69.7,-0.04,69.679,1.185,0.066,0.895,79.4,1순위(우선확충),C. 공급보유·수요高 → 접근성/연계
69,충남 당진시,충남,171931.0,0.0,0.0,0.0,0.0,0.0,0.0,3,0,0,0.0,0.0,1.745,0.0,0.0,0.0,79.6,-0.348,57.382,0.459,0.572,0.894,79.4,1순위(우선확충),A. 공급취약·수요高 → 신규확충
71,경기 이천시,경기,222443.0,0.0,0.0,0.0,0.0,0.0,0.0,1,1,0,0.0,0.0,0.45,0.45,0.0,0.0,75.2,-0.305,58.621,0.532,0.501,0.874,79.1,1순위(우선확충),A. 공급취약·수요高 → 신규확충
72,대구 달성군,대구,257580.0,2.0,400.0,0.0,0.0,2.0,112.0,2,0,0,155.292,43.482,0.776,0.0,0.0,0.0,87.9,0.198,78.19,1.687,-0.326,0.855,78.9,1순위(우선확충),C. 공급보유·수요高 → 접근성/연계
73,강원 화천군,강원,22922.0,0.0,0.0,1.0,36964.0,0.0,0.0,1,0,0,0.0,0.0,4.363,0.0,0.0,1612.599,62.7,-0.131,64.119,0.857,0.216,0.816,78.3,1순위(우선확충),C. 공급보유·수요高 → 접근성/연계
74,경기 시흥시,경기,518132.0,0.0,0.0,0.0,0.0,0.0,0.0,3,1,1,0.0,0.0,0.579,0.193,0.193,0.0,54.1,-0.254,58.621,0.532,0.418,0.791,77.9,1순위(우선확충),A. 공급취약·수요高 → 신규확충
75,인천 남동구,인천,486225.0,0.0,0.0,0.0,0.0,0.0,0.0,11,1,0,0.0,0.0,2.262,0.206,0.0,0.0,72.5,-0.166,61.726,0.716,0.274,0.775,77.7,1순위(우선확충),C. 공급보유·수요高 → 접근성/연계
76,경북 의성군,경북,48690.0,1.0,156.0,0.0,0.0,0.0,0.0,1,0,0,320.394,0.0,2.054,0.0,0.0,0.0,55.0,0.038,69.679,1.185,-0.062,0.767,77.6,1순위(우선확충),C. 공급보유·수요高 → 접근성/연계
77,경기 광명시,경기,278167.0,1.0,300.0,0.0,0.0,0.0,0.0,2,0,0,107.849,0.0,0.719,0.0,0.0,0.0,54.7,-0.214,58.621,0.532,0.351,0.724,76.9,2순위(검토),A. 공급취약·수요高 → 신규확충
78,부산 동래구,부산,274370.0,0.0,0.0,0.0,0.0,0.0,0.0,0,0,0,0.0,0.0,0.0,0.0,0.0,0.0,65.1,-0.674,39.912,-0.571,1.108,0.709,76.7,2순위(검토),B. 공급취약·수요低 → 인지도/홍보
78,부산 수영구,부산,171918.0,0.0,0.0,0.0,0.0,0.0,0.0,0,0,0,0.0,0.0,0.0,0.0,0.0,0.0,64.9,-0.674,39.912,-0.571,1.108,0.709,76.7,2순위(검토),B. 공급취약·수요低 → 인지도/홍보
78,부산 남구,부산,254498.0,0.0,0.0,0.0,0.0,0.0,0.0,0,0,0,0.0,0.0,0.0,0.0,0.0,0.0,75.3,-0.674,39.912,-0.571,1.108,0.709,76.7,2순위(검토),B. 공급취약·수요低 → 인지도/홍보
78,부산 중구,부산,37537.0,0.0,0.0,0.0,0.0,0.0,0.0,0,0,0,0.0,0.0,0.0,0.0,0.0,0.0,61.6,-0.674,39.912,-0.571,1.108,0.709,76.7,2순위(검토),B. 공급취약·수요低 → 인지도/홍보
78,부산 동구,부산,85911.0,0.0,0.0,0.0,0.0,0.0,0.0,0,0,0,0.0,0.0,0.0,0.0,0.0,0.0,68.6,-0.674,39.912,-0.571,1.108,0.709,76.7,2순위(검토),B. 공급취약·수요低 → 인지도/홍보
78,부산 연제구,부산,212589.0,0.0,0.0,0.0,0.0,0.0,0.0,0,0,0,0.0,0.0,0.0,0.0,0.0,0.0,66.2,-0.674,39.912,-0.571,1.108,0.709,76.7,2순위(검토),B. 공급취약·수요低 → 인지도/홍보
78,부산 영도구,부산,103737.0,0.0,0.0,0.0,0.0,0.0,0.0,0,0,0,0.0,0.0,0.0,0.0,0.0,0.0,68.0,-0.674,39.912,-0.571,1.108,0.709,76.7,2순위(검토),B. 공급취약·수요低 → 인지도/홍보
85,경북 안동시,경북,153159.0,2.0,435.0,0.0,0.0,0.0,0.0,4,0,0,284.019,0.0,2.612,0.0,0.0,0.0,66.1,0.085,69.679,1.185,-0.139,0.69,76.4,2순위(검토),C. 공급보유·수요高 → 접근성/연계
86,경기 오산시,경기,242065.0,0.0,0.0,0.0,0.0,0.0,0.0,3,1,0,0.0,0.0,1.239,0.413,0.0,0.0,67.1,-0.181,58.621,0.532,0.298,0.671,76.1,2순위(검토),A. 공급취약·수요高 → 신규확충
87,충남 보령시,충남,93780.0,1.0,2000.0,1.0,61188.0,0.0,0.0,0,0,0,2132.651,0.0,0.0,0.0,0.0,652.463,80.8,-0.208,57.382,0.459,0.342,0.663,76.0,2순위(검토),A. 공급취약·수요高 → 신규확충
88,경기 의왕시,경기,154488.0,1.0,470.0,0.0,0.0,0.0,0.0,1,0,0,304.231,0.0,0.647,0.0,0.0,0.0,62.6,-0.165,58.621,0.532,0.271,0.644,75.7,2순위(검토),C. 공급보유·수요高 → 접근성/연계
89,부산 해운대구,부산,376404.0,0.0,0.0,0.0,0.0,0.0,0.0,1,0,0,0.0,0.0,0.266,0.0,0.0,0.0,69.4,-0.598,39.912,-0.571,0.983,0.583,74.9,2순위(검토),B. 공급취약·수요低 → 인지도/홍보
90,강원 고성군,강원,26999.0,0.0,0.0,0.0,0.0,0.0,0.0,2,0,0,0.0,0.0,7.408,0.0,0.0,0.0,45.6,0.014,64.119,0.857,-0.023,0.577,74.8,2순위(검토),C. 공급보유·수요高 → 접근성/연계
90,부산 부산진구,부산,359281.0,0.0,0.0,0.0,0.0,0.0,0.0,1,0,0,0.0,0.0,0.278,0.0,0.0,0.0,67.7,-0.595,39.912,-0.571,0.978,0.578,74.8,2순위(검토),B. 공급취약·수요低 → 인지도/홍보
92,충남 논산시,충남,108529.0,1.0,205.0,0.0,0.0,0.0,0.0,1,0,0,188.89,0.0,0.921,0.0,0.0,0.0,84.0,-0.144,57.382,0.459,0.237,0.558,74.5,2순위(검토),C. 공급보유·수요高 → 접근성/연계
93,경북 김천시,경북,135446.0,1.0,206.0,0.0,0.0,1.0,50.0,1,0,0,152.09,36.915,0.738,0.0,0.0,0.0,74.5,0.174,69.679,1.185,-0.287,0.543,74.3,2순위(검토),C. 공급보유·수요高 → 접근성/연계
94,경기 김포시,경기,486853.0,1.0,250.0,0.0,0.0,0.0,0.0,9,0,0,51.35,0.0,1.849,0.0,0.0,0.0,71.3,-0.095,58.621,0.532,0.156,0.529,74.1,2순위(검토),C. 공급보유·수요高 → 접근성/연계
94,울산 북구,울산,216522.0,0.0,0.0,0.0,0.0,0.0,0.0,0,0,0,0.0,0.0,0.0,0.0,0.0,0.0,66.7,-0.674,35.579,-0.827,1.108,0.53,74.1,2순위(검토),B. 공급취약·수요低 → 인지도/홍보
96,경기 남양주시,경기,732482.0,1.0,272.0,0.0,0.0,0.0,0.0,10,1,0,37.134,0.0,1.365,0.137,0.0,0.0,57.7,-0.088,58.621,0.532,0.146,0.518,73.9,2순위(검토),C. 공급보유·수요高 → 접근성/연계
96,경북 예천군,경북,54609.0,1.0,220.0,0.0,0.0,0.0,0.0,2,0,0,402.864,0.0,3.662,0.0,0.0,0.0,54.9,0.188,69.679,1.185,-0.31,0.52,73.9,2순위(검토),C. 공급보유·수요高 → 접근성/연계
98,경북 문경시,경북,67257.0,2.0,714.0,1.0,56869.0,0.0,0.0,2,0,0,1061.6,0.0,2.974,0.0,0.0,845.548,89.5,0.196,69.679,1.185,-0.322,0.508,73.7,2순위(검토),C. 공급보유·수요高 → 접근성/연계
99,경기 여주시,경기,114610.0,0.0,0.0,0.0,0.0,0.0,0.0,1,1,0,0.0,0.0,0.873,0.873,0.0,0.0,74.1,-0.05,58.621,0.532,0.083,0.455,73.0,2순위(검토),C. 공급보유·수요高 → 접근성/연계
100,경북 포항시,경북,491581.0,1.0,150.0,0.0,0.0,1.0,56.0,5,2,0,30.514,11.392,1.017,0.407,0.0,0.0,60.55,0.243,69.679,1.185,-0.4,0.429,72.6,2순위(검토),C. 공급보유·수요高 → 접근성/연계
101,부산 강서구,부산,142789.0,0.0,0.0,0.0,0.0,0.0,0.0,1,0,0,0.0,0.0,0.7,0.0,0.0,0.0,72.9,-0.502,39.912,-0.571,0.826,0.426,72.5,2순위(검토),B. 공급취약·수요低 → 인지도/홍보
102,대전 대덕구,대전,168217.0,0.0,0.0,0.0,0.0,0.0,0.0,2,0,0,0.0,0.0,1.189,0.0,0.0,0.0,80.2,-0.421,42.757,-0.404,0.692,0.41,72.3,2순위(검토),B. 공급취약·수요低 → 인지도/홍보
103,울산 남구,울산,304885.0,0.0,0.0,0.0,0.0,0.0,0.0,1,0,0,0.0,0.0,0.328,0.0,0.0,0.0,63.9,-0.582,35.579,-0.827,0.958,0.379,71.8,2순위(검토),B. 공급취약·수요低 → 인지도/홍보
104,충남 부여군,충남,59550.0,1.0,150.0,0.0,0.0,0.0,0.0,1,0,0,251.889,0.0,1.679,0.0,0.0,0.0,78.4,-0.019,57.382,0.459,0.031,0.353,71.5,2순위(검토),C. 공급보유·수요高 → 접근성/연계
105,경기 용인시,경기,1085864.0,1.0,1800.0,0.0,0.0,0.0,0.0,12,1,1,165.767,0.0,1.105,0.092,0.092,0.0,75.451,0.014,58.621,0.532,-0.022,0.35,71.4,2순위(검토),C. 공급보유·수요高 → 접근성/연계
106,부산 사상구,부산,198635.0,0.0,0.0,0.0,0.0,0.0,0.0,2,0,0,0.0,0.0,1.007,0.0,0.0,0.0,63.4,-0.449,39.912,-0.571,0.738,0.338,71.2,2순위(검토),B. 공급취약·수요低 → 인지도/홍보
107,충남 천안시,충남,659920.0,1.0,1000.0,0.0,0.0,1.0,55.0,4,0,0,151.534,8.334,0.606,0.0,0.0,0.0,93.16,0.008,57.382,0.459,-0.014,0.308,70.8,2순위(검토),C. 공급보유·수요高 → 접근성/연계
108,강원 양양군,강원,27489.0,1.0,100.0,1.0,63549.0,0.0,0.0,1,0,0,363.782,0.0,3.638,0.0,0.0,2311.797,59.9,0.18,64.119,0.857,-0.297,0.303,70.7,2순위(검토),C. 공급보유·수요高 → 접근성/연계
109,충북 보은군,충북,30527.0,2.0,618.0,1.0,36262.0,0.0,0.0,0,0,0,2024.437,0.0,0.0,0.0,0.0,1187.866,88.2,-0.211,47.053,-0.15,0.347,0.242,69.8,2순위(검토),B. 공급취약·수요低 → 인지도/홍보
110,강원 철원군,강원,40497.0,1.0,100.0,1.0,37766.0,0.0,0.0,2,0,0,246.932,0.0,4.939,0.0,0.0,932.563,67.6,0.237,64.119,0.857,-0.39,0.21,69.4,2순위(검토),C. 공급보유·수요高 → 접근성/연계
111,경기 연천군,경기,40866.0,1.0,189.0,0.0,0.0,0.0,0.0,1,0,0,462.487,0.0,2.447,0.0,0.0,0.0,64.2,0.099,58.621,0.532,-0.163,0.21,69.3,2순위(검토),C. 공급보유·수요高 → 접근성/연계
112,경북 영양군,경북,15328.0,1.0,250.0,1.0,28107.0,0.0,0.0,1,0,0,1631.002,0.0,6.524,0.0,0.0,1833.703,50.1,0.428,69.679,1.185,-0.704,0.126,68.1,2순위(검토),C. 공급보유·수요高 → 접근성/연계
113,경북 청송군,경북,23716.0,1.0,160.0,0.0,0.0,0.0,0.0,2,0,0,674.65,0.0,8.433,0.0,0.0,0.0,54.0,0.447,69.679,1.185,-0.736,0.094,67.6,2순위(검토),C. 공급보유·수요高 → 접근성/연계
114,충남 아산시,충남,355014.0,1.0,341.0,0.0,0.0,0.0,0.0,8,1,0,96.053,0.0,2.253,0.282,0.0,0.0,82.2,0.152,57.382,0.459,-0.25,0.072,67.3,2순위(검토),C. 공급보유·수요高 → 접근성/연계
115,부산 북구,부산,267692.0,0.0,0.0,0.0,0.0,0.0,0.0,2,1,0,0.0,0.0,0.747,0.374,0.0,0.0,69.5,-0.281,39.912,-0.571,0.462,0.062,67.2,2순위(검토),B. 공급취약·수요低 → 인지도/홍보
116,충북 청주시,충북,854537.0,1.0,373.0,1.0,53925.0,0.0,0.0,6,1,1,43.649,0.0,0.702,0.117,0.117,63.104,84.902,-0.1,47.053,-0.15,0.165,0.06,67.1,2순위(검토),D. 공급보유·수요低 → 유지
116,전남 신안군,전남,38173.0,1.0,0.0,0.0,0.0,0.0,0.0,0,0,0,0.0,0.0,0.0,0.0,0.0,0.0,61.7,-0.674,24.088,-1.505,1.108,0.055,67.1,2순위(검토),B. 공급취약·수요低 → 인지도/홍보
118,충남 계룡시,충남,46540.0,0.0,0.0,0.0,0.0,1.0,50.0,1,0,0,0.0,107.434,2.149,0.0,0.0,0.0,91.2,0.165,57.382,0.459,-0.272,0.05,67.0,2순위(검토),C. 공급보유·수요高 → 접근성/연계
119,부산 사하구,부산,292491.0,0.0,0.0,0.0,0.0,1.0,62.0,1,0,0,0.0,21.197,0.342,0.0,0.0,0.0,65.8,-0.269,39.912,-0.571,0.442,0.042,66.9,2순위(검토),B. 공급취약·수요低 → 인지도/홍보
120,충북 음성군,충북,91236.0,2.0,301.0,0.0,0.0,0.0,0.0,1,0,0,329.914,0.0,1.096,0.0,0.0,0.0,81.9,-0.082,47.053,-0.15,0.135,0.03,66.7,2순위(검토),D. 공급보유·수요低 → 유지
121,경기 양주시,경기,289005.0,2.0,800.0,1.0,57957.0,0.0,0.0,6,1,0,276.812,0.0,2.076,0.346,0.0,200.54,68.6,0.231,58.621,0.532,-0.379,-0.007,66.2,2순위(검토),C. 공급보유·수요高 → 접근성/연계
122,부산 서구,부산,103188.0,0.0,0.0,0.0,0.0,0.0,0.0,3,0,0,0.0,0.0,2.907,0.0,0.0,0.0,62.8,-0.234,39.912,-0.571,0.384,-0.016,66.0,2순위(검토),B. 공급취약·수요低 → 인지도/홍보
123,대전 유성구,대전,369468.0,0.0,0.0,0.0,0.0,0.0,0.0,6,0,1,0.0,0.0,1.624,0.0,0.271,0.0,80.4,-0.154,42.757,-0.404,0.253,-0.03,65.8,2순위(검토),D. 공급보유·수요低 → 유지
123,부산 기장군,부산,175626.0,0.0,0.0,1.0,51662.0,1.0,153.0,0,0,0,0.0,87.117,0.0,0.0,0.0,294.159,68.9,-0.226,39.912,-0.571,0.372,-0.028,65.8,2순위(검토),B. 공급취약·수요低 → 인지도/홍보
125,부산 금정구,부산,209932.0,0.0,0.0,0.0,0.0,0.0,0.0,1,0,1,0.0,0.0,0.476,0.0,0.476,0.0,61.7,-0.209,39.912,-0.571,0.343,-0.057,65.4,2순위(검토),B. 공급취약·수요低 → 인지도/홍보
126,대전 중구,대전,225008.0,0.0,0.0,0.0,0.0,1.0,172.0,1,0,0,0.0,76.442,0.444,0.0,0.0,0.0,94.1,-0.12,42.757,-0.404,0.198,-0.085,65.0,2순위(검토),D. 공급보유·수요低 → 유지
127,경남 밀양시,경남,100691.0,2.0,400.0,0.0,0.0,0.0,0.0,0,0,0,397.255,0.0,0.0,0.0,0.0,0.0,72.9,-0.31,34.859,-0.87,0.51,-0.099,64.8,2순위(검토),B. 공급취약·수요低 → 인지도/홍보
127,경남 고성군,경남,48005.0,1.0,0.0,0.0,0.0,0.0,0.0,1,0,0,0.0,0.0,2.083,0.0,0.0,0.0,68.0,-0.31,34.859,-0.87,0.51,-0.098,64.8,2순위(검토),B. 공급취약·수요低 → 인지도/홍보
129,경남 김해시,경남,531676.0,1.0,80.0,0.0,0.0,0.0,0.0,5,0,0,15.047,0.0,0.94,0.0,0.0,0.0,73.2,-0.291,34.859,-0.87,0.479,-0.13,64.3,2순위(검토),B. 공급취약·수요低 → 인지도/홍보
130,제주 제주시,제주,488348.0,1.0,1000.0,0.0,0.0,0.0,0.0,3,2,0,204.772,0.0,0.614,0.41,0.0,0.0,35.3,0.035,47.642,-0.115,-0.058,-0.138,64.2,2순위(검토),D. 공급보유·수요低 → 유지
131,전남 목포시,전남,209890.0,1.0,0.0,0.0,0.0,0.0,0.0,1,0,0,0.0,0.0,0.476,0.0,0.0,0.0,57.8,-0.548,24.088,-1.505,0.901,-0.152,64.0,2순위(검토),B. 공급취약·수요低 → 인지도/홍보
132,경남 창원시,경남,999858.0,0.0,0.0,0.0,0.0,1.0,58.0,9,0,0,0.0,5.801,0.9,0.0,0.0,0.0,72.271,-0.275,34.859,-0.87,0.452,-0.157,63.9,2순위(검토),B. 공급취약·수요低 → 인지도/홍보
133,경남 통영시,경남,118481.0,0.0,0.0,0.0,0.0,0.0,0.0,3,0,0,0.0,0.0,2.532,0.0,0.0,0.0,67.3,-0.266,34.859,-0.87,0.438,-0.171,63.7,2순위(검토),B. 공급취약·수요低 → 인지도/홍보
134,울산 중구,울산,207000.0,1.0,72.0,0.0,0.0,0.0,0.0,2,0,0,34.783,0.0,0.966,0.0,0.0,0.0,59.5,-0.238,35.579,-0.827,0.391,-0.188,63.5,2순위(검토),B. 공급취약·수요低 → 인지도/홍보
135,경북 영주시,경북,98870.0,0.0,0.0,0.0,0.0,0.0,0.0,2,0,2,0.0,0.0,2.023,0.0,2.023,0.0,65.2,0.647,69.679,1.185,-1.065,-0.235,62.8,2순위(검토),C. 공급보유·수요高 → 접근성/연계
136,강원 인제군,강원,31535.0,2.0,420.0,2.0,116706.0,0.0,0.0,3,0,0,1331.853,0.0,9.513,0.0,0.0,3700.84,59.4,0.524,64.119,0.857,-0.861,-0.262,62.4,2순위(검토),C. 공급보유·수요高 → 접근성/연계
137,세종특별자치시,세종,390685.0,0.0,0.0,0.0,0.0,0.0,0.0,3,2,1,0.0,0.0,0.768,0.512,0.256,0.0,91.1,-0.014,42.595,-0.413,0.023,-0.266,62.3,2순위(검토),D. 공급보유·수요低 → 유지
138,울산 동구,울산,150836.0,0.0,0.0,0.0,0.0,0.0,0.0,1,1,0,0.0,0.0,0.663,0.663,0.0,0.0,54.7,-0.168,35.579,-0.827,0.277,-0.302,61.8,2순위(검토),B. 공급취약·수요低 → 인지도/홍보
139,강원 춘천시,강원,286069.0,1.0,100.0,1.0,78727.0,0.0,0.0,7,2,1,34.957,0.0,2.447,0.699,0.35,275.203,65.7,0.561,64.119,0.857,-0.922,-0.322,61.5,2순위(검토),C. 공급보유·수요高 → 접근성/연계
140,충남 금산군,충남,49615.0,4.0,4050.0,0.0,0.0,0.0,0.0,2,0,0,8162.854,0.0,4.031,0.0,0.0,0.0,83.4,0.396,57.382,0.459,-0.651,-0.329,61.4,2순위(검토),C. 공급보유·수요高 → 접근성/연계
141,경북 칠곡군,경북,107383.0,2.0,566.0,0.0,0.0,0.0,0.0,3,0,1,527.085,0.0,2.794,0.0,0.931,0.0,55.8,0.712,69.679,1.185,-1.17,-0.341,61.2,2순위(검토),C. 공급보유·수요高 → 접근성/연계
141,충북 증평군,충북,37171.0,1.0,250.0,0.0,0.0,0.0,0.0,1,0,0,672.567,0.0,2.69,0.0,0.0,0.0,88.4,0.144,47.053,-0.15,-0.237,-0.342,61.2,2순위(검토),D. 공급보유·수요低 → 유지
143,강원 강릉시,강원,207731.0,1.0,105.0,1.0,117508.0,1.0,224.0,3,1,0,50.546,107.832,1.444,0.481,0.0,565.674,58.4,0.587,64.119,0.857,-0.966,-0.366,60.9,2순위(검토),C. 공급보유·수요高 → 접근성/연계
144,충남 홍성군,충남,99198.0,1.0,110.0,0.0,0.0,0.0,0.0,2,1,0,110.889,0.0,2.016,1.008,0.0,0.0,77.2,0.437,57.382,0.459,-0.72,-0.398,60.4,2순위(검토),C. 공급보유·수요高 → 접근성/연계
144,강원 삼척시,강원,61735.0,1.0,175.0,1.0,45917.0,1.0,68.0,2,0,0,283.47,110.148,3.24,0.0,0.0,743.776,55.0,0.607,64.119,0.857,-0.999,-0.399,60.4,2순위(검토),C. 공급보유·수요高 → 접근성/연계
146,전북 정읍시,전북,102127.0,0.0,0.0,0.0,0.0,0.0,0.0,1,0,0,0.0,0.0,0.979,0.0,0.0,0.0,70.9,-0.453,21.831,-1.638,0.746,-0.401,60.3,2순위(검토),B. 공급취약·수요低 → 인지도/홍보
146,경남 양산시,경남,359531.0,3.0,554.0,0.0,0.0,0.0,0.0,4,0,0,154.09,0.0,1.113,0.0,0.0,0.0,60.2,-0.126,34.859,-0.87,0.207,-0.402,60.3,2순위(검토),D. 공급보유·수요低 → 유지
148,강원 양구군,강원,20621.0,1.0,160.0,0.0,0.0,0.0,0.0,3,0,0,775.908,0.0,14.548,0.0,0.0,0.0,50.4,0.617,64.119,0.857,-1.015,-0.415,60.1,2순위(검토),C. 공급보유·수요高 → 접근성/연계
149,광주 동구,광주,106203.0,0.0,0.0,0.0,0.0,0.0,0.0,0,0,0,0.0,0.0,0.0,0.0,0.0,0.0,74.4,-0.674,12.142,-2.21,1.108,-0.438,59.8,2순위(검토),B. 공급취약·수요低 → 인지도/홍보
150,대전 서구,대전,457951.0,1.0,6000.0,0.0,0.0,0.0,0.0,4,1,0,1310.184,0.0,0.873,0.218,0.0,0.0,99.3,0.098,42.757,-0.404,-0.161,-0.444,59.7,2순위(검토),D. 공급보유·수요低 → 유지
151,인천 강화군,인천,69402.0,2.0,286.0,0.0,0.0,0.0,0.0,1,1,0,412.092,0.0,1.441,1.441,0.0,0.0,66.3,0.579,61.726,0.716,-0.953,-0.452,59.6,2순위(검토),C. 공급보유·수요高 → 접근성/연계
152,경남 함안군,경남,58842.0,0.0,0.0,0.0,0.0,0.0,0.0,3,0,0,0.0,0.0,5.098,0.0,0.0,0.0,77.0,-0.09,34.859,-0.87,0.148,-0.461,59.5,2순위(검토),D. 공급보유·수요低 → 유지
153,전북 김제시,전북,80635.0,0.0,0.0,0.0,0.0,0.0,0.0,1,0,0,0.0,0.0,1.24,0.0,0.0,0.0,75.1,-0.413,21.831,-1.638,0.68,-0.467,59.4,2순위(검토),B. 공급취약·수요低 → 인지도/홍보
154,경기 동두천시,경기,86838.0,1.0,650.0,0.0,0.0,1.0,50.0,2,0,0,748.52,57.578,2.303,0.0,0.0,0.0,66.2,0.522,58.621,0.532,-0.858,-0.485,59.1,3순위(관찰),C. 공급보유·수요高 → 접근성/연계
155,충북 영동군,충북,43551.0,1.0,394.0,0.0,0.0,1.0,61.0,0,0,0,904.686,140.066,0.0,0.0,0.0,0.0,97.3,0.235,47.053,-0.15,-0.387,-0.492,59.0,3순위(관찰),D. 공급보유·수요低 → 유지
156,경북 울진군,경북,46124.0,1.0,950.0,1.0,40537.0,1.0,56.0,2,0,0,2059.665,121.412,4.336,0.0,0.0,878.87,37.0,0.812,69.679,1.185,-1.335,-0.506,58.8,3순위(관찰),C. 공급보유·수요高 → 접근성/연계
157,전남 영광군,전남,52098.0,0.0,0.0,0.0,0.0,0.0,0.0,1,0,0,0.0,0.0,1.919,0.0,0.0,0.0,61.7,-0.328,24.088,-1.505,0.539,-0.514,58.7,3순위(관찰),B. 공급취약·수요低 → 인지도/홍보
157,충남 공주시,충남,101285.0,1.0,250.0,0.0,0.0,1.0,54.0,3,0,0,246.828,53.315,2.962,0.0,0.0,0.0,85.3,0.506,57.382,0.459,-0.832,-0.51,58.7,3순위(관찰),C. 공급보유·수요高 → 접근성/연계
159,전남 담양군,전남,44623.0,0.0,0.0,0.0,0.0,0.0,0.0,1,0,0,0.0,0.0,2.241,0.0,0.0,0.0,79.0,-0.294,24.088,-1.505,0.484,-0.57,57.9,3순위(관찰),B. 공급취약·수요低 → 인지도/홍보
160,경남 진주시,경남,338785.0,2.0,345.0,0.0,0.0,0.0,0.0,3,1,0,101.834,0.0,0.886,0.295,0.0,0.0,79.2,-0.014,34.859,-0.87,0.023,-0.586,57.6,3순위(관찰),D. 공급보유·수요低 → 유지
161,충북 옥천군,충북,48204.0,1.0,2500.0,0.0,0.0,1.0,50.0,0,0,0,5186.292,103.726,0.0,0.0,0.0,0.0,100.0,0.311,47.053,-0.15,-0.512,-0.617,57.2,3순위(관찰),D. 공급보유·수요低 → 유지
162,충북 진천군,충북,86537.0,1.0,184.0,0.0,0.0,1.0,56.0,1,0,0,212.626,64.712,1.156,0.0,0.0,0.0,87.9,0.319,47.053,-0.15,-0.525,-0.63,57.0,3순위(관찰),D. 공급보유·수요低 → 유지
163,전북 전주시,전북,635651.0,0.0,0.0,0.0,0.0,0.0,0.0,8,1,0,0.0,0.0,1.259,0.157,0.0,0.0,82.099,-0.313,21.831,-1.638,0.514,-0.632,56.9,3순위(관찰),B. 공급취약·수요低 → 인지도/홍보
164,광주 북구,광주,423961.0,0.0,0.0,0.0,0.0,0.0,0.0,2,0,0,0.0,0.0,0.472,0.0,0.0,0.0,73.7,-0.549,12.142,-2.21,0.903,-0.644,56.8,3순위(관찰),B. 공급취약·수요低 → 인지도/홍보
165,울산 울주군,울산,218806.0,1.0,200.0,1.0,117649.0,1.0,185.0,0,0,0,91.405,84.55,0.0,0.0,0.0,537.686,62.3,0.046,35.579,-0.827,-0.076,-0.655,56.6,3순위(관찰),D. 공급보유·수요低 → 유지
166,경남 창녕군,경남,56085.0,2.0,296.0,0.0,0.0,0.0,0.0,1,0,0,527.77,0.0,1.783,0.0,0.0,0.0,82.0,0.038,34.859,-0.87,-0.063,-0.671,56.4,3순위(관찰),D. 공급보유·수요低 → 유지
166,충남 서천군,충남,48204.0,2.0,500.0,1.0,117714.0,1.0,65.0,1,0,0,1037.258,134.844,2.075,0.0,0.0,2441.997,80.3,0.602,57.382,0.459,-0.991,-0.669,56.4,3순위(관찰),C. 공급보유·수요高 → 접근성/연계
168,경기 과천시,경기,85512.0,0.0,0.0,0.0,0.0,1.0,50.0,2,1,0,0.0,58.471,2.339,1.169,0.0,0.0,64.2,0.644,58.621,0.532,-1.059,-0.686,56.1,3순위(관찰),C. 공급보유·수요高 → 접근성/연계
168,강원 홍천군,강원,66717.0,1.0,234.0,1.0,60449.0,1.0,75.0,4,0,0,350.735,112.415,5.995,0.0,0.0,906.051,66.2,0.784,64.119,0.857,-1.29,-0.69,56.1,3순위(관찰),C. 공급보유·수요高 → 접근성/연계
170,강원 태백시,강원,37936.0,1.0,191.0,0.0,0.0,1.0,55.0,2,0,0,503.48,144.981,5.272,0.0,0.0,0.0,58.0,0.796,64.119,0.857,-1.309,-0.71,55.8,3순위(관찰),C. 공급보유·수요高 → 접근성/연계
171,전남 함평군,전남,30010.0,1.0,0.0,0.0,0.0,0.0,0.0,1,0,0,0.0,0.0,3.332,0.0,0.0,0.0,59.7,-0.2,24.088,-1.505,0.329,-0.724,55.6,3순위(관찰),B. 공급취약·수요低 → 인지도/홍보
172,전남 진도군,전남,28478.0,0.0,0.0,1.0,55175.0,0.0,0.0,1,0,0,0.0,0.0,3.511,0.0,0.0,1937.46,49.2,-0.187,24.088,-1.505,0.308,-0.746,55.3,3순위(관찰),B. 공급취약·수요低 → 인지도/홍보
173,전북 순창군,전북,26822.0,2.0,400.0,1.0,30104.0,0.0,0.0,0,0,0,1491.313,0.0,0.0,0.0,0.0,1122.362,70.4,-0.229,21.831,-1.638,0.377,-0.769,54.9,3순위(관찰),B. 공급취약·수요低 → 인지도/홍보
174,전남 여수시,전남,267816.0,1.0,246.0,0.0,0.0,0.0,0.0,3,0,0,91.854,0.0,1.12,0.0,0.0,0.0,64.1,-0.156,24.088,-1.505,0.256,-0.798,54.5,3순위(관찰),D. 공급보유·수요低 → 유지
174,광주 남구,광주,207597.0,0.0,0.0,0.0,0.0,0.0,0.0,2,0,0,0.0,0.0,0.963,0.0,0.0,0.0,71.4,-0.456,12.142,-2.21,0.75,-0.797,54.5,3순위(관찰),B. 공급취약·수요低 → 인지도/홍보
176,전북 군산시,전북,258047.0,1.0,1032.0,1.0,121683.0,0.0,0.0,1,0,0,399.927,0.0,0.388,0.0,0.0,471.554,79.8,-0.204,21.831,-1.638,0.335,-0.812,54.3,3순위(관찰),B. 공급취약·수요低 → 인지도/홍보
177,광주 서구,광주,279050.0,0.0,0.0,0.0,0.0,0.0,0.0,3,0,0,0.0,0.0,1.075,0.0,0.0,0.0,68.1,-0.438,12.142,-2.21,0.721,-0.826,54.1,3순위(관찰),B. 공급취약·수요低 → 인지도/홍보
178,강원 평창군,강원,40396.0,1.0,80.0,1.0,34177.0,0.0,0.0,1,1,0,198.039,0.0,2.475,2.475,0.0,846.049,71.0,0.886,64.119,0.857,-1.458,-0.858,53.6,3순위(관찰),C. 공급보유·수요高 → 접근성/연계
179,광주 광산구,광주,391611.0,0.0,0.0,0.0,0.0,0.0,0.0,5,0,0,0.0,0.0,1.277,0.0,0.0,0.0,77.3,-0.408,12.142,-2.21,0.671,-0.876,53.3,3순위(관찰),B. 공급취약·수요低 → 인지도/홍보
180,충북 제천시,충북,128569.0,2.0,3000.0,0.0,0.0,1.0,57.0,2,0,0,2333.377,44.334,1.556,0.0,0.0,0.0,82.9,0.482,47.053,-0.15,-0.793,-0.898,53.0,3순위(관찰),D. 공급보유·수요低 → 유지
181,전북 고창군,전북,50982.0,0.0,0.0,0.0,0.0,1.0,110.0,0,0,0,0.0,215.762,0.0,0.0,0.0,0.0,69.7,-0.136,21.831,-1.638,0.224,-0.923,52.7,3순위(관찰),D. 공급보유·수요低 → 유지
182,경남 사천시,경남,108504.0,2.0,500.0,0.0,0.0,0.0,0.0,4,0,0,460.813,0.0,3.687,0.0,0.0,0.0,68.7,0.198,34.859,-0.87,-0.326,-0.935,52.5,3순위(관찰),D. 공급보유·수요低 → 유지
183,충남 청양군,충남,29658.0,1.0,500.0,0.0,0.0,0.0,0.0,0,1,0,1685.886,0.0,0.0,3.372,0.0,0.0,82.7,0.768,57.382,0.459,-1.263,-0.942,52.4,3순위(관찰),C. 공급보유·수요高 → 접근성/연계
184,대전 동구,대전,218513.0,1.0,5000.0,0.0,0.0,0.0,0.0,3,0,1,2288.193,0.0,1.373,0.0,0.458,0.0,96.4,0.404,42.757,-0.404,-0.665,-0.947,52.3,3순위(관찰),D. 공급보유·수요低 → 유지
185,경남 남해군,경남,39832.0,2.0,1900.0,1.0,133317.0,0.0,0.0,1,0,0,4770.034,0.0,2.511,0.0,0.0,3346.982,67.4,0.247,34.859,-0.87,-0.406,-1.015,51.3,3순위(관찰),D. 공급보유·수요低 → 유지
186,경남 산청군,경남,33259.0,3.0,440.0,0.0,0.0,1.0,55.0,0,0,0,1322.95,165.369,0.0,0.0,0.0,0.0,76.4,0.275,34.859,-0.87,-0.452,-1.061,50.6,3순위(관찰),D. 공급보유·수요低 → 유지
187,경남 하동군,경남,40765.0,5.0,1535.0,0.0,0.0,1.0,50.0,0,0,0,3765.485,122.654,0.0,0.0,0.0,0.0,80.1,0.309,34.859,-0.87,-0.508,-1.116,49.8,3순위(관찰),D. 공급보유·수요低 → 유지
188,전남 무안군,전남,92687.0,0.0,0.0,0.0,0.0,1.0,125.0,1,0,0,0.0,134.862,1.079,0.0,0.0,0.0,63.5,0.054,24.088,-1.505,-0.088,-1.142,49.4,3순위(관찰),D. 공급보유·수요低 → 유지
188,전남 영암군,전남,51391.0,1.0,270.0,0.0,0.0,0.0,0.0,1,0,0,525.384,0.0,1.946,0.0,0.0,0.0,60.6,0.056,24.088,-1.505,-0.092,-1.146,49.4,3순위(관찰),D. 공급보유·수요低 → 유지
190,경기 포천시,경기,141463.0,2.0,140.0,1.0,39525.0,1.0,52.0,3,2,0,98.966,36.759,2.121,1.414,0.0,279.402,66.6,0.928,58.621,0.532,-1.527,-1.154,49.2,3순위(관찰),C. 공급보유·수요高 → 접근성/연계
191,경남 합천군,경남,40225.0,2.0,1780.0,0.0,0.0,1.0,60.0,0,0,0,4425.109,149.161,0.0,0.0,0.0,0.0,80.4,0.338,34.859,-0.87,-0.556,-1.164,49.1,3순위(관찰),D. 공급보유·수요低 → 유지
192,전남 해남군,전남,63120.0,1.0,0.0,0.0,0.0,1.0,50.0,1,0,0,0.0,79.214,1.584,0.0,0.0,0.0,51.5,0.071,24.088,-1.505,-0.117,-1.171,49.0,3순위(관찰),D. 공급보유·수요低 → 유지
193,전북 익산시,전북,268001.0,0.0,0.0,0.0,0.0,1.0,62.0,2,1,0,0.0,23.134,0.746,0.373,0.0,0.0,70.4,0.037,21.831,-1.638,-0.061,-1.208,48.4,3순위(관찰),D. 공급보유·수요低 → 유지
193,경남 거제시,경남,232972.0,3.0,1505.0,0.0,0.0,1.0,56.0,4,0,0,646.0,24.037,1.717,0.0,0.0,0.0,66.8,0.365,34.859,-0.87,-0.6,-1.208,48.4,3순위(관찰),D. 공급보유·수요低 → 유지
195,충북 괴산군,충북,36252.0,2.0,488.0,0.0,0.0,1.0,50.0,1,0,0,1346.133,137.923,2.758,0.0,0.0,0.0,88.3,0.685,47.053,-0.15,-1.127,-1.232,48.1,3순위(관찰),D. 공급보유·수요低 → 유지
196,충북 충주시,충북,207241.0,3.0,494.0,0.0,0.0,1.0,68.0,4,0,1,238.37,32.812,1.93,0.0,0.483,0.0,82.4,0.702,47.053,-0.15,-1.154,-1.259,47.7,3순위(관찰),D. 공급보유·수요低 → 유지
196,전북 남원시,전북,75647.0,2.0,160.0,0.0,0.0,0.0,0.0,2,0,0,211.509,0.0,2.644,0.0,0.0,0.0,83.8,0.07,21.831,-1.638,-0.115,-1.261,47.7,3순위(관찰),D. 공급보유·수요低 → 유지
198,전남 강진군,전남,32189.0,1.0,138.0,0.0,0.0,0.0,0.0,1,0,0,428.718,0.0,3.107,0.0,0.0,0.0,55.3,0.151,24.088,-1.505,-0.249,-1.302,47.1,3순위(관찰),D. 공급보유·수요低 → 유지
199,경북 청도군,경북,40582.0,2.0,1324.0,1.0,98474.0,0.0,0.0,1,0,1,3262.53,0.0,2.464,0.0,2.464,2426.544,60.0,1.302,69.679,1.185,-2.142,-1.312,46.9,3순위(관찰),C. 공급보유·수요高 → 접근성/연계
200,전남 순천시,전남,276329.0,1.0,265.0,1.0,40903.0,1.0,50.0,4,0,0,95.9,18.094,1.448,0.0,0.0,148.023,72.5,0.188,24.088,-1.505,-0.31,-1.363,46.2,3순위(관찰),D. 공급보유·수요低 → 유지
201,전남 광양시,전남,154692.0,1.0,395.0,0.0,0.0,1.0,55.0,2,0,0,255.346,35.555,1.293,0.0,0.0,0.0,69.6,0.291,24.088,-1.505,-0.479,-1.533,43.7,3순위(관찰),D. 공급보유·수요低 → 유지
202,전남 보성군,전남,37045.0,1.0,3000.0,0.0,0.0,0.0,0.0,1,0,0,8098.259,0.0,2.699,0.0,0.0,0.0,66.2,0.296,24.088,-1.505,-0.487,-1.54,43.6,3순위(관찰),D. 공급보유·수요低 → 유지
203,전북 임실군,전북,25577.0,2.0,224.0,0.0,0.0,0.0,0.0,1,0,0,875.787,0.0,3.91,0.0,0.0,0.0,81.0,0.252,21.831,-1.638,-0.415,-1.562,43.2,3순위(관찰),D. 공급보유·수요低 → 유지
204,제주 서귀포시,제주,182020.0,3.0,3600.0,0.0,0.0,1.0,174.0,4,1,0,1977.805,95.594,2.198,0.549,0.0,0.0,32.2,0.914,47.642,-0.115,-1.504,-1.584,42.9,3순위(관찰),D. 공급보유·수요低 → 유지
205,충남 예산군,충남,78772.0,1.0,171.0,0.0,0.0,1.0,140.0,3,1,0,217.082,177.728,3.808,1.269,0.0,0.0,89.0,1.229,57.382,0.459,-2.022,-1.701,41.2,3순위(관찰),C. 공급보유·수요高 → 접근성/연계
206,전북 진안군,전북,24161.0,3.0,909.0,1.0,64336.0,0.0,0.0,1,0,0,3762.261,0.0,4.139,0.0,0.0,2662.804,87.7,0.356,21.831,-1.638,-0.585,-1.732,40.7,3순위(관찰),D. 공급보유·수요低 → 유지
207,경북 봉화군,경북,28836.0,1.0,500.0,1.0,52555.0,0.0,0.0,1,0,1,1733.944,0.0,3.468,0.0,3.468,1822.548,40.9,1.567,69.679,1.185,-2.578,-1.749,40.5,3순위(관찰),C. 공급보유·수요高 → 접근성/연계
208,전북 장수군,전북,20663.0,3.0,2100.0,0.0,0.0,1.0,50.0,0,0,0,10163.093,241.978,0.0,0.0,0.0,0.0,86.6,0.436,21.831,-1.638,-0.718,-1.865,38.8,3순위(관찰),D. 공급보유·수요低 → 유지
209,경기 가평군,경기,62527.0,3.0,342.0,1.0,338473.0,1.0,153.0,2,1,0,546.964,244.694,3.199,1.599,0.0,5413.229,60.3,1.364,58.621,0.532,-2.245,-1.872,38.7,3순위(관찰),C. 공급보유·수요高 → 접근성/연계
210,전남 고흥군,전남,60190.0,1.0,250.0,0.0,0.0,1.0,100.0,1,0,0,415.351,166.141,1.661,0.0,0.0,0.0,61.0,0.521,24.088,-1.505,-0.857,-1.911,38.1,3순위(관찰),D. 공급보유·수요低 → 유지
211,경남 함양군,경남,36131.0,9.0,2682.0,1.0,63994.0,1.0,65.0,1,0,0,7422.989,179.901,2.768,0.0,0.0,1771.166,85.9,0.816,34.859,-0.87,-1.343,-1.952,37.5,3순위(관찰),D. 공급보유·수요低 → 유지
212,전북 무주군,전북,23032.0,2.0,300.0,1.0,58708.0,0.0,0.0,2,0,0,1302.536,0.0,8.684,0.0,0.0,2548.975,81.8,0.496,21.831,-1.638,-0.815,-1.962,37.3,3순위(관찰),D. 공급보유·수요低 → 유지
212,전남 구례군,전남,24025.0,1.0,139.0,0.0,0.0,0.0,0.0,3,0,0,578.564,0.0,12.487,0.0,0.0,0.0,84.5,0.553,24.088,-1.505,-0.91,-1.964,37.3,3순위(관찰),D. 공급보유·수요低 → 유지
214,충북 단양군,충북,27352.0,2.0,1000.0,1.0,35689.0,1.0,50.1,3,0,0,3656.04,183.168,10.968,0.0,0.0,1304.804,82.2,1.148,47.053,-0.15,-1.889,-1.994,36.9,3순위(관찰),D. 공급보유·수요低 → 유지
215,전북 부안군,전북,48066.0,1.0,250.0,1.0,72759.0,1.0,42.0,1,0,0,520.118,87.38,2.08,0.0,0.0,1513.731,77.4,0.518,21.831,-1.638,-0.852,-1.999,36.8,3순위(관찰),D. 공급보유·수요低 → 유지
216,경남 의령군,경남,25150.0,2.0,409.0,0.0,0.0,0.0,0.0,0,1,0,1626.243,0.0,0.0,3.976,0.0,0.0,78.4,0.853,34.859,-0.87,-1.402,-2.011,36.6,3순위(관찰),D. 공급보유·수요低 → 유지
217,전남 완도군,전남,45631.0,0.0,0.0,0.0,0.0,1.0,60.0,0,1,0,0.0,131.49,0.0,2.191,0.0,0.0,49.4,0.594,24.088,-1.505,-0.976,-2.03,36.3,3순위(관찰),D. 공급보유·수요低 → 유지
218,경남 거창군,경남,59588.0,3.0,2785.0,0.0,0.0,1.0,50.0,0,1,0,4673.76,83.91,0.0,1.678,0.0,0.0,82.3,0.945,34.859,-0.87,-1.555,-2.163,34.4,3순위(관찰),D. 공급보유·수요低 → 유지
219,경기 양평군,경기,126804.0,3.0,1126.0,2.0,146461.0,3.0,778.0,2,1,1,887.985,613.545,1.577,0.789,0.789,1155.019,85.0,1.584,58.621,0.532,-2.605,-2.232,33.4,3순위(관찰),C. 공급보유·수요高 → 접근성/연계
220,전남 나주시,전남,116654.0,0.0,0.0,0.0,0.0,1.0,55.0,4,0,1,0.0,47.148,3.429,0.0,0.857,0.0,68.8,0.734,24.088,-1.505,-1.207,-2.26,32.9,3순위(관찰),D. 공급보유·수요低 → 유지
221,전남 곡성군,전남,26566.0,0.0,0.0,0.0,0.0,1.0,69.0,4,0,0,0.0,259.73,15.057,0.0,0.0,0.0,74.7,0.779,24.088,-1.505,-1.282,-2.335,31.8,3순위(관찰),D. 공급보유·수요低 → 유지
222,강원 정선군,강원,33515.0,1.0,268.0,1.0,96811.0,1.0,32.0,3,1,0,799.642,95.48,8.951,2.984,0.0,2888.587,60.8,1.859,64.119,0.857,-3.059,-2.459,30.0,3순위(관찰),C. 공급보유·수요高 → 접근성/연계
223,강원 영월군,강원,36721.0,1.0,76.0,0.0,0.0,1.0,55.0,2,0,1,206.966,149.778,5.446,0.0,2.723,0.0,70.8,1.9,64.119,0.857,-3.125,-2.525,29.0,3순위(관찰),C. 공급보유·수요高 → 접근성/연계
224,전북 완주군,전북,99279.0,1.0,3000.0,0.0,0.0,0.0,0.0,1,1,1,3021.787,0.0,1.007,1.007,1.007,0.0,80.1,1.113,21.831,-1.638,-1.831,-2.978,22.4,3순위(관찰),D. 공급보유·수요低 → 유지
225,강원 횡성군,강원,46111.0,4.0,2500.0,1.0,114057.0,1.0,402.0,3,0,1,5421.7,871.809,6.506,0.0,2.169,2473.531,75.3,2.182,64.119,0.857,-3.59,-2.99,22.2,3순위(관찰),C. 공급보유·수요高 → 접근성/연계
226,충남 태안군,충남,60133.0,1.0,6000.0,0.0,0.0,0.0,0.0,2,2,1,9977.882,0.0,3.326,3.326,1.663,0.0,82.2,2.195,57.382,0.459,-3.611,-3.29,17.8,3순위(관찰),C. 공급보유·수요高 → 접근성/연계
227,전남 화순군,전남,60735.0,2.0,1800.0,0.0,0.0,2.0,180.0,2,1,0,2963.695,296.369,3.293,1.646,0.0,0.0,63.4,1.505,24.088,-1.505,-2.477,-3.53,14.2,3순위(관찰),D. 공급보유·수요低 → 유지
228,전남 장흥군,전남,34451.0,1.0,2000.0,1.0,24755.0,1.0,180.0,2,1,0,5805.347,522.481,5.805,2.903,0.0,718.557,65.4,2.012,24.088,-1.505,-3.31,-4.364,1.9,3순위(관찰),D. 공급보유·수요低 → 유지
229,전남 장성군,전남,42026.0,2.0,1500.0,1.0,49294.0,1.0,258.0,2,0,1,3569.219,613.906,4.759,0.0,2.379,1172.941,76.2,2.092,24.088,-1.505,-3.442,-4.495,0.0,3순위(관찰),D. 공급보유·수요低 → 유지
